,Unnamed: 0,Loan_ID,Married,Dependents,Education,Self_Employed,ApplicantIncome,CoapplicantIncome,LoanAmount,Loan_Amount_Term,Credit_History,Loan_Status,Gender_Female,Gender_Male,Gender_Others,Property_Area_Rural,Property_Area_Semiurban,Property_Area_Urban,hasCoapplicant,PROI
0,0,LP001002,False,0.0,True,False,5849,0.0,128.0,360.0,True,True,False,True,False,False,False,True,False,5.64
1,1,LP001003,True,1.0,True,False,4583,1508.0,128.0,360.0,True,True,False,True,False,True,False,False,True,5.14
2,2,LP001005,True,0.0,True,True,3000,0.0,66.0,360.0,True,True,False,True,False,False,False,True,False,5.82
3,3,LP001006,True,0.0,True,False,2583,2358.0,120.0,360.0,True,True,False,True,False,False,False,True,True,5.67
4,4,LP001008,False,0.0,True,False,6000,0.0,141.0,360.0,True,True,False,True,False,False,False,True,False,5.61
5,5,LP001011,True,2.0,True,True,5417,4196.0,267.0,360.0,True,True,False,True,False,False,False,True,True,5.26
6,6,LP001013,True,0.0,True,False,2333,1516.0,95.0,360.0,True,True,False,True,False,False,False,True,True,5.74
7,7,LP001014,True,3.0,True,False,3036,2504.0,158.0,360.0,False,True,False,True,False,False,True,False,True,5.31
8,8,LP001018,True,2.0,True,False,4006,1526.0,168.0,360.0,True,True,False,True,False,False,False,True,True,5.53
9,9,LP001020,True,1.0,True,False,12841,10968.0,349.0,360.0,True,True,False,True,False,False,True,False,True,4.78
10,10,LP001024,True,2.0,True,False,3200,700.0,70.0,360.0,True,True,False,True,False,False,False,True,True,5.81
11,11,LP001027,True,2.0,True,False,2500,1840.0,109.0,360.0,True,True,False,True,False,False,False,True,True,5.7
12,12,LP001028,True,2.0,True,False,3073,8106.0,200.0,360.0,True,True,False,True,False,False,False,True,True,5.44
13,13,LP001029,False,0.0,True,False,1853,2840.0,114.0,360.0,True,True,False,True,False,True,False,False,True,5.18
14,14,LP001030,True,2.0,True,False,1299,1086.0,17.0,120.0,True,True,False,True,False,False,False,True,True,5.86
15,15,LP001032,False,0.0,True,False,4950,0.0,125.0,360.0,True,True,False,True,False,False,False,True,False,5.65
16,16,LP001034,False,1.0,True,False,3596,0.0,100.0,240.0,False,True,False,True,False,False,False,True,False,5.58
17,17,LP001036,False,0.0,True,False,3510,0.0,76.0,360.0,False,True,True,False,False,False,False,True,False,5.54
18,18,LP001038,True,0.0,True,False,4887,0.0,133.0,360.0,True,True,False,True,False,True,False,False,False,5.13
19,19,LP001041,True,0.0,True,False,2600,3500.0,115.0,360.0,True,True,False,True,False,False,False,True,True,5.68
20,20,LP001043,True,0.0,True,False,7660,0.0,104.0,360.0,False,True,False,True,False,False,False,True,False,5.71
21,21,LP001046,True,1.0,True,False,5955,5625.0,315.0,360.0,True,True,False,True,False,False,False,True,True,5.12
22,22,LP001047,True,0.0,True,False,2600,1911.0,116.0,360.0,False,True,False,True,False,False,True,False,True,5.43
23,23,LP001050,True,2.0,True,False,3365,1917.0,112.0,360.0,False,True,False,False,True,True,False,False,True,5.19
24,24,LP001052,True,1.0,True,False,3717,2925.0,151.0,360.0,False,True,False,True,False,False,True,False,True,5.33
25,25,LP001066,True,0.0,True,True,9560,0.0,191.0,360.0,True,True,False,True,False,False,True,False,False,5.22
26,26,LP001068,True,0.0,True,False,2799,2253.0,122.0,360.0,True,True,False,True,False,False,True,False,True,5.41
27,27,LP001073,True,2.0,True,False,4226,1040.0,110.0,360.0,True,True,False,True,False,False,False,True,True,5.69
28,28,LP001086,False,0.0,True,False,1442,0.0,35.0,360.0,True,True,False,True,False,False,False,True,False,5.9
29,29,LP001087,False,2.0,True,False,3750,2083.0,120.0,360.0,True,True,True,False,False,False,True,False,True,5.17
30,30,LP001091,True,1.0,True,False,4166,3369.0,201.0,360.0,False,True,False,True,False,False,False,True,True,5.44
31,31,LP001095,False,0.0,True,False,3167,0.0,74.0,360.0,True,True,False,True,False,False,False,True,False,5.79
32,32,LP001097,False,1.0,True,True,4692,0.0,106.0,360.0,True,True,False,True,False,True,False,False,False,5.21
33,33,LP001098,True,0.0,True,False,3500,1667.0,114.0,360.0,True,True,False,True,False,False,True,False,True,5.43
34,34,LP001100,False,3.0,True,False,12500,3000.0,320.0,360.0,True,True,False,True,False,True,False,False,True,4.61
35,35,LP001106,True,0.0,True,False,2275,2067.0,128.0,360.0,True,True,False,True,False,False,False,True,True,5.64
36,36,LP001109,True,0.0,True,False,1828,1330.0,100.0,360.0,False,True,False,True,False,False,False,True,True,5.72
37,37,LP001112,True,0.0,True,False,3667,1459.0,144.0,360.0,True,True,True,False,False,False,True,False,True,5.35
38,38,LP001114,False,0.0,True,False,4166,7210.0,184.0,360.0,True,True,False,True,False,False,False,True,True,5.49
39,39,LP001116,False,0.0,True,False,3748,1668.0,110.0,360.0,True,True,False,True,False,False,True,False,True,5.44
40,40,LP001119,False,0.0,True,False,3600,0.0,80.0,360.0,True,True,False,True,False,False,False,True,False,5.78
41,41,LP001120,False,0.0,True,False,1800,1213.0,47.0,360.0,True,True,False,True,False,False,False,True,True,5.87
42,42,LP001123,True,0.0,True,False,2400,0.0,75.0,360.0,False,True,False,True,False,False,False,True,False,5.79
43,43,LP001131,True,0.0,True,False,3941,2336.0,134.0,360.0,True,True,False,True,False,False,True,False,True,5.38
44,44,LP001136,True,0.0,True,True,4695,0.0,96.0,360.0,True,True,False,True,False,False,False,True,False,5.73
45,45,LP001137,False,0.0,True,False,3410,0.0,88.0,360.0,True,True,True,False,False,False,False,True,False,5.51
46,46,LP001138,True,1.0,True,False,5649,0.0,44.0,360.0,True,True,False,True,False,False,False,True,False,5.88
47,47,LP001144,True,0.0,True,False,5821,0.0,144.0,360.0,True,True,False,True,False,False,False,True,False,5.6
48,48,LP001146,True,0.0,True,False,2645,3440.0,120.0,360.0,False,True,True,False,False,False,False,True,True,5.67
49,49,LP001151,False,0.0,True,False,4000,2275.0,144.0,360.0,True,True,True,False,False,False,True,False,True,5.1
50,50,LP001155,True,0.0,True,False,1928,1644.0,100.0,360.0,True,True,True,False,False,False,True,False,True,5.47
51,51,LP001157,False,0.0,True,False,3086,0.0,120.0,360.0,True,True,True,False,False,False,True,False,False,5.17
52,52,LP001164,False,0.0,True,False,4230,0.0,112.0,360.0,True,True,True,False,False,False,True,False,False,5.19
53,53,LP001179,True,2.0,True,False,4616,0.0,134.0,360.0,True,True,False,True,False,False,False,True,False,5.63
54,54,LP001186,True,1.0,True,True,11500,0.0,286.0,360.0,False,True,True,False,False,False,False,True,False,5.21
55,55,LP001194,True,2.0,True,False,2708,1167.0,97.0,360.0,True,True,False,True,False,False,True,False,True,5.48
56,56,LP001195,True,0.0,True,False,2132,1591.0,96.0,360.0,True,True,False,True,False,False,True,False,True,5.48
57,57,LP001197,True,0.0,True,False,3366,2200.0,135.0,360.0,True,True,False,True,False,True,False,False,True,5.12
58,58,LP001198,True,1.0,True,False,8080,2250.0,180.0,360.0,True,True,False,True,False,False,False,True,True,5.5
59,59,LP001199,True,2.0,True,False,3357,2859.0,144.0,360.0,True,True,False,True,False,False,False,True,True,5.6
60,60,LP001205,True,0.0,True,False,2500,3796.0,120.0,360.0,True,True,False,True,False,False,False,True,True,5.67
61,61,LP001206,True,3.0,True,False,3029,0.0,99.0,360.0,True,True,False,True,False,False,False,True,False,5.72
62,62,LP001207,True,0.0,True,True,2609,3449.0,165.0,180.0,False,True,False,True,False,True,False,False,True,4.58
63,63,LP001213,True,1.0,True,False,4945,0.0,128.0,360.0,False,True,False,True,False,True,False,False,False,5.14
64,64,LP001222,False,0.0,True,False,4166,0.0,116.0,360.0,False,True,True,False,False,False,True,False,False,5.18
65,65,LP001225,True,0.0,True,False,5726,4595.0,258.0,360.0,True,True,False,True,False,False,True,False,True,5.03
66,66,LP001228,False,0.0,True,False,3200,2254.0,126.0,180.0,False,True,False,True,False,False,False,True,True,5.3
67,67,LP001233,True,1.0,True,False,10750,0.0,312.0,360.0,True,True,False,True,False,False,False,True,False,5.13
68,68,LP001238,True,3.0,True,True,7100,0.0,125.0,60.0,True,True,False,True,False,False,False,True,False,3.92
69,69,LP001241,False,0.0,True,False,4300,0.0,136.0,360.0,False,True,True,False,False,False,True,False,False,5.12
70,70,LP001243,True,0.0,True,False,3208,3066.0,172.0,360.0,True,True,False,True,False,False,False,True,True,5.52
71,71,LP001245,True,2.0,True,True,1875,1875.0,97.0,360.0,True,True,False,True,False,False,True,False,True,5.48
72,72,LP001248,False,0.0,True,False,3500,0.0,81.0,300.0,True,True,False,True,False,False,True,False,False,5.48
73,73,LP001250,True,3.0,True,False,4755,0.0,95.0,360.0,False,True,False,True,False,False,True,False,False,5.49
74,74,LP001253,True,3.0,True,True,5266,1774.0,187.0,360.0,True,True,False,True,False,False,True,False,True,5.23
75,75,LP001255,False,0.0,True,False,3750,0.0,113.0,480.0,True,True,False,True,False,False,False,True,False,5.76
76,76,LP001256,False,0.0,True,False,3750,4750.0,176.0,360.0,True,True,False,True,False,False,False,True,True,5.51
77,77,LP001259,True,1.0,True,True,1000,3022.0,110.0,360.0,True,True,False,True,False,False,False,True,True,5.69
78,78,LP001263,True,3.0,True,False,3167,4000.0,180.0,300.0,False,True,False,True,False,False,True,False,True,5.15
79,79,LP001264,True,3.0,True,True,3333,2166.0,130.0,360.0,False,True,False,True,False,False,True,False,True,5.39
80,80,LP001265,False,0.0,True,False,3846,0.0,111.0,360.0,True,True,True,False,False,False,True,False,False,5.19
81,81,LP001266,True,1.0,True,True,2395,0.0,128.0,360.0,True,True,False,True,False,False,True,False,False,5.39
82,82,LP001267,True,2.0,True,False,1378,1881.0,167.0,360.0,True,True,True,False,False,False,False,True,True,5.54
83,83,LP001273,True,0.0,True,False,6000,2250.0,265.0,360.0,False,True,False,True,False,False,True,False,True,5.01
84,84,LP001275,True,1.0,True,False,3988,0.0,50.0,240.0,True,True,False,True,False,False,False,True,False,5.79
85,85,LP001279,False,0.0,True,False,2366,2531.0,136.0,360.0,True,True,False,True,False,False,True,False,True,5.37
86,86,LP001280,True,2.0,True,False,3333,2000.0,99.0,360.0,False,True,False,True,False,False,True,False,True,5.47
87,87,LP001282,True,0.0,True,False,2500,2118.0,104.0,360.0,True,True,False,True,False,False,True,False,True,5.46
88,88,LP001289,False,0.0,True,False,8566,0.0,210.0,360.0,True,True,False,True,False,False,False,True,False,5.42
89,89,LP001310,True,0.0,True,False,5695,4167.0,175.0,360.0,True,True,False,True,False,False,True,False,True,5.26
90,90,LP001316,True,0.0,True,False,2958,2900.0,131.0,360.0,True,True,False,True,False,False,True,False,True,5.39
91,91,LP001318,True,2.0,True,False,6250,5654.0,188.0,180.0,True,True,False,True,False,False,True,False,True,4.71
92,92,LP001319,True,2.0,True,False,3273,1820.0,81.0,360.0,True,True,False,True,False,False,False,True,True,5.78
93,93,LP001322,False,0.0,True,False,4133,0.0,122.0,360.0,True,True,False,True,False,False,True,False,False,5.41
94,94,LP001325,False,0.0,True,False,3620,0.0,25.0,120.0,True,True,False,True,False,False,True,False,False,5.54
95,95,LP001326,False,0.0,True,False,6782,0.0,128.0,360.0,False,True,False,True,False,False,False,True,False,5.64
96,96,LP001327,True,0.0,True,False,2484,2302.0,137.0,360.0,True,True,True,False,False,False,True,False,True,5.37
97,97,LP001333,True,0.0,True,False,1977,997.0,50.0,360.0,True,True,False,True,False,False,True,False,True,5.61
98,98,LP001334,True,0.0,True,False,4188,0.0,115.0,180.0,True,True,False,True,False,False,True,False,False,5.11
99,99,LP001343,True,0.0,True,False,1759,3541.0,131.0,360.0,True,True,False,True,False,False,True,False,True,5.39
100,100,LP001345,True,2.0,True,False,4288,3263.0,133.0,180.0,True,True,False,True,False,False,False,True,True,5.26
101,101,LP001349,False,0.0,True,False,4843,3806.0,151.0,360.0,True,True,False,True,False,False,True,False,True,5.33
102,102,LP001350,True,0.0,True,False,13650,0.0,128.0,360.0,True,True,False,True,False,False,False,True,False,5.64
103,103,LP001356,True,0.0,True,False,4652,3583.0,128.0,360.0,True,True,False,True,False,False,True,False,True,5.39
104,104,LP001357,False,0.0,True,False,3816,754.0,160.0,360.0,True,True,False,True,False,False,False,True,True,5.56
105,105,LP001367,True,1.0,True,False,3052,1030.0,100.0,360.0,True,True,False,True,False,False,False,True,True,5.72
106,106,LP001369,True,2.0,True,False,11417,1126.0,225.0,360.0,True,True,False,True,False,False,False,True,True,5.38
107,107,LP001370,False,0.0,True,False,7333,0.0,120.0,360.0,True,True,False,True,False,True,False,False,False,5.17
108,108,LP001379,True,2.0,True,False,3800,3600.0,216.0,360.0,False,True,False,True,False,False,False,True,True,5.4
109,109,LP001384,True,3.0,True,False,2071,754.0,94.0,480.0,True,True,False,True,False,False,True,False,True,5.55
110,110,LP001385,False,0.0,True,False,5316,0.0,136.0,360.0,True,True,False,True,False,False,False,True,False,5.62
111,111,LP001387,True,0.0,True,False,2929,2333.0,139.0,360.0,True,True,True,False,False,False,True,False,True,5.36
112,112,LP001391,True,0.0,True,False,3572,4114.0,152.0,360.0,False,True,False,True,False,True,False,False,True,5.08
113,113,LP001392,False,1.0,True,True,7451,0.0,128.0,360.0,True,True,True,False,False,False,True,False,False,5.14
114,114,LP001398,False,0.0,True,False,5050,0.0,118.0,360.0,True,True,False,True,False,False,True,False,False,5.42
115,115,LP001401,True,1.0,True,False,14583,0.0,185.0,180.0,True,True,False,True,False,True,False,False,False,4.47
116,116,LP001404,True,0.0,True,False,3167,2283.0,154.0,360.0,True,True,True,False,False,False,True,False,True,5.32
117,117,LP001405,True,1.0,True,False,2214,1398.0,85.0,360.0,False,True,False,True,False,False,False,True,True,5.76
118,118,LP001421,True,0.0,True,False,5568,2142.0,175.0,360.0,True,True,False,True,False,True,False,False,True,5.01
119,119,LP001422,False,0.0,True,False,10408,0.0,259.0,360.0,True,True,True,False,False,False,False,True,False,5.03
120,120,LP001426,True,0.0,True,False,5667,2667.0,180.0,360.0,True,True,False,True,False,True,False,False,True,5.0
121,121,LP001430,False,0.0,True,False,4166,0.0,44.0,360.0,True,True,True,False,False,False,True,False,False,5.38
122,122,LP001431,False,0.0,True,False,2137,8980.0,137.0,360.0,False,True,True,False,False,False,True,False,True,5.12
123,123,LP001432,True,2.0,True,False,2957,0.0,81.0,360.0,True,True,False,True,False,False,True,False,False,5.53
124,124,LP001439,True,0.0,True,False,4300,2014.0,194.0,360.0,True,True,False,True,False,True,False,False,True,4.96
125,125,LP001443,False,0.0,True,False,3692,0.0,93.0,360.0,False,True,True,False,False,True,False,False,False,4.99
126,126,LP001448,True,3.0,True,False,23803,0.0,370.0,360.0,True,True,False,False,True,True,False,False,False,4.47
127,127,LP001449,False,0.0,True,False,3865,1640.0,128.0,360.0,True,True,False,True,False,True,False,False,True,5.14
128,128,LP001451,True,1.0,True,True,10513,3850.0,160.0,180.0,False,True,False,True,False,False,False,True,True,5.11
129,129,LP001465,True,0.0,True,False,6080,2569.0,182.0,360.0,False,True,False,True,False,True,False,False,True,4.99
130,130,LP001469,False,0.0,True,True,20166,0.0,650.0,480.0,False,True,False,True,False,False,False,True,False,4.65
131,131,LP001473,False,0.0,True,False,2014,1929.0,74.0,360.0,True,True,False,True,False,False,False,True,True,5.79
132,132,LP001478,False,0.0,True,False,2718,0.0,70.0,360.0,True,True,False,True,False,False,True,False,False,5.56
133,133,LP001482,True,0.0,True,True,3459,0.0,25.0,120.0,True,True,False,True,False,False,True,False,False,5.54
134,134,LP001487,False,0.0,True,False,4895,0.0,102.0,360.0,True,True,False,True,False,False,True,False,False,5.47
135,135,LP001488,True,3.0,True,False,4000,7750.0,290.0,360.0,True,True,False,True,False,False,True,False,True,4.94
136,136,LP001489,True,0.0,True,False,4583,0.0,84.0,360.0,True,True,True,False,False,True,False,False,False,5.27
137,137,LP001491,True,2.0,True,True,3316,3500.0,88.0,360.0,True,True,False,True,False,False,False,True,True,5.76
138,138,LP001492,False,0.0,True,False,14999,0.0,242.0,360.0,False,True,False,True,False,False,True,False,False,5.08
139,139,LP001493,True,2.0,True,False,4200,1430.0,129.0,360.0,True,True,False,True,False,True,False,False,True,5.14
140,140,LP001497,True,2.0,True,False,5042,2083.0,185.0,360.0,True,True,False,True,False,True,False,False,True,4.99
141,141,LP001498,False,0.0,True,False,5417,0.0,168.0,360.0,True,True,False,True,False,False,False,True,False,5.53
142,142,LP001504,False,0.0,True,True,6950,0.0,175.0,180.0,True,True,False,True,False,False,True,False,False,4.78
143,143,LP001507,True,0.0,True,False,2698,2034.0,122.0,360.0,True,True,False,True,False,False,True,False,True,5.41
144,144,LP001508,True,2.0,True,False,11757,0.0,187.0,180.0,True,True,False,True,False,False,False,True,False,4.96
145,145,LP001514,True,0.0,True,False,2330,4486.0,100.0,360.0,True,True,True,False,False,False,True,False,True,5.47
146,146,LP001516,True,2.0,True,False,14866,0.0,70.0,360.0,True,True,True,False,False,False,False,True,False,5.81
147,147,LP001518,True,1.0,True,False,1538,1425.0,30.0,360.0,True,True,False,True,False,False,False,True,True,5.92
148,148,LP001519,False,0.0,True,False,10000,1666.0,225.0,360.0,True,True,True,False,False,True,False,False,True,4.63
149,149,LP001520,True,0.0,True,False,4860,830.0,125.0,360.0,True,True,False,True,False,False,True,False,True,5.4
150,150,LP001528,False,0.0,True,False,6277,0.0,118.0,360.0,False,True,False,True,False,True,False,False,False,5.17
151,151,LP001529,True,0.0,True,True,2577,3750.0,152.0,360.0,True,True,False,True,False,True,False,False,True,5.08
152,152,LP001531,False,0.0,True,False,9166,0.0,244.0,360.0,True,True,False,True,False,False,False,True,False,5.32
153,153,LP001532,True,2.0,True,False,2281,0.0,113.0,360.0,True,True,False,True,False,True,False,False,False,5.19
154,154,LP001535,False,0.0,True,False,3254,0.0,50.0,360.0,True,True,False,True,False,False,False,True,False,5.86
155,155,LP001536,True,3.0,True,False,39999,0.0,600.0,180.0,False,True,False,True,False,False,True,False,False,2.42
156,156,LP001541,True,1.0,True,False,6000,0.0,160.0,360.0,False,True,False,True,False,True,False,False,False,5.06
157,157,LP001543,True,1.0,True,False,9538,0.0,187.0,360.0,True,True,False,True,False,False,False,True,False,5.48
158,158,LP001546,False,0.0,True,False,2980,2083.0,120.0,360.0,True,True,False,True,False,True,False,False,True,5.17
159,159,LP001552,True,0.0,True,False,4583,5625.0,255.0,360.0,True,True,False,True,False,False,True,False,True,5.04
160,160,LP001560,True,0.0,True,False,1863,1041.0,98.0,360.0,True,True,False,True,False,False,True,False,True,5.48
161,161,LP001562,True,0.0,True,False,7933,0.0,275.0,360.0,True,True,False,True,False,False,False,True,False,5.24
162,162,LP001565,True,1.0,True,False,3089,1280.0,121.0,360.0,False,True,False,True,False,False,True,False,True,5.41
163,163,LP001570,True,2.0,True,False,4167,1447.0,158.0,360.0,True,True,False,True,False,True,False,False,True,5.06
164,164,LP001572,True,0.0,True,False,9323,0.0,75.0,180.0,True,True,False,True,False,False,False,True,False,5.58
165,165,LP001574,True,0.0,True,False,3707,3166.0,182.0,360.0,True,True,False,True,False,True,False,False,True,4.99
166,166,LP001577,True,0.0,True,False,4583,0.0,112.0,360.0,True,True,True,False,False,True,False,False,False,5.19
167,167,LP001578,True,0.0,True,False,2439,3333.0,129.0,360.0,True,True,False,True,False,True,False,False,True,5.14
168,168,LP001579,False,0.0,True,False,2237,0.0,63.0,480.0,False,True,False,True,False,False,True,False,False,5.62
169,169,LP001580,True,2.0,True,False,8000,0.0,200.0,360.0,True,True,False,True,False,False,True,False,False,5.19
170,170,LP001581,True,0.0,True,False,1820,1769.0,95.0,360.0,True,True,False,True,False,True,False,False,True,5.24
171,171,LP001585,True,3.0,True,False,51763,0.0,700.0,300.0,True,True,False,False,True,False,False,True,False,3.67
172,172,LP001586,True,3.0,True,False,3522,0.0,81.0,180.0,True,True,False,True,False,True,False,False,False,5.05
173,173,LP001594,True,0.0,True,False,5708,5625.0,187.0,360.0,True,True,False,True,False,False,True,False,True,5.23
174,174,LP001603,True,0.0,True,True,4344,736.0,87.0,360.0,True,True,False,True,False,False,True,False,True,5.51
175,175,LP001606,True,0.0,True,False,3497,1964.0,116.0,360.0,True,True,False,True,False,True,False,False,True,5.18
176,176,LP001608,True,2.0,True,False,2045,1619.0,101.0,360.0,True,True,False,True,False,True,False,False,True,5.22
177,177,LP001610,True,3.0,True,False,5516,11300.0,495.0,360.0,False,True,False,True,False,False,True,False,True,4.37
178,178,LP001616,True,1.0,True,False,3750,0.0,116.0,360.0,True,True,False,True,False,False,True,False,False,5.43
179,179,LP001630,False,0.0,True,False,2333,1451.0,102.0,480.0,False,True,False,True,False,False,False,True,True,5.79
180,180,LP001633,True,1.0,True,False,6400,7250.0,180.0,360.0,False,True,False,True,False,False,False,True,True,5.5
181,181,LP001634,False,0.0,True,False,1916,5063.0,67.0,360.0,False,True,False,True,False,True,False,False,True,5.31
182,182,LP001636,True,0.0,True,False,4600,0.0,73.0,180.0,True,True,False,True,False,False,True,False,False,5.34
183,183,LP001637,True,1.0,True,False,33846,0.0,260.0,360.0,True,True,False,True,False,False,True,False,False,5.03
184,184,LP001639,True,0.0,True,False,3625,0.0,108.0,360.0,True,True,True,False,False,False,True,False,False,5.45
185,185,LP001640,True,0.0,True,True,39147,4750.0,120.0,360.0,True,True,False,True,False,False,True,False,True,5.42
186,186,LP001641,True,1.0,True,True,2178,0.0,66.0,300.0,False,True,False,True,False,True,False,False,False,5.28
187,187,LP001643,True,0.0,True,False,2383,2138.0,58.0,360.0,False,True,False,True,False,True,False,False,True,5.34
188,188,LP001644,True,0.0,True,True,674,5296.0,168.0,360.0,True,True,False,False,True,True,False,False,True,5.03
189,189,LP001647,True,0.0,True,False,9328,0.0,188.0,180.0,True,True,False,True,False,True,False,False,False,4.46
190,190,LP001653,False,0.0,True,False,4885,0.0,48.0,360.0,True,True,False,True,False,True,False,False,False,5.37
191,191,LP001656,False,0.0,True,False,12000,0.0,164.0,360.0,True,True,False,True,False,False,True,False,False,5.29
192,192,LP001657,True,0.0,True,False,6033,0.0,160.0,360.0,True,True,False,True,False,False,False,True,False,5.56
193,193,LP001658,False,0.0,True,False,3858,0.0,76.0,360.0,True,True,False,True,False,False,True,False,False,5.54
194,194,LP001664,False,0.0,True,False,4191,0.0,120.0,360.0,True,True,False,True,False,True,False,False,False,5.17
195,195,LP001665,True,1.0,True,False,3125,2583.0,170.0,360.0,True,True,False,True,False,False,True,False,True,5.28
196,196,LP001666,False,0.0,True,False,8333,3750.0,187.0,360.0,True,True,False,True,False,True,False,False,True,4.98
197,197,LP001669,False,0.0,True,False,1907,2365.0,120.0,360.0,True,True,True,False,False,False,False,True,True,5.42
198,198,LP001671,True,0.0,True,False,3416,2816.0,113.0,360.0,False,True,True,False,False,False,True,False,True,5.44
199,199,LP001673,False,0.0,True,True,11000,0.0,83.0,360.0,True,True,False,True,False,False,False,True,False,5.77
200,200,LP001674,True,1.0,True,False,2600,2500.0,90.0,360.0,True,True,False,True,False,False,True,False,True,5.5
201,201,LP001677,False,2.0,True,False,4923,0.0,166.0,360.0,False,True,False,True,False,False,True,False,False,5.29
202,202,LP001682,True,3.0,True,False,3992,0.0,128.0,180.0,True,True,False,True,False,False,False,True,False,5.29
203,203,LP001688,True,1.0,True,False,3500,1083.0,135.0,360.0,True,True,False,True,False,False,False,True,True,5.62
204,204,LP001691,True,2.0,True,False,3917,0.0,124.0,360.0,True,True,False,True,False,False,True,False,False,5.41
205,205,LP001692,False,0.0,True,False,4408,0.0,120.0,360.0,True,True,True,False,False,False,True,False,False,5.17
206,206,LP001693,False,0.0,True,False,3244,0.0,80.0,360.0,True,True,True,False,False,False,False,True,False,5.53
207,207,LP001698,False,0.0,True,False,3975,2531.0,55.0,360.0,True,True,False,True,False,True,False,False,True,5.35
208,208,LP001699,False,0.0,True,False,2479,0.0,59.0,360.0,True,True,False,True,False,False,False,True,False,5.84
209,209,LP001702,False,0.0,True,False,3418,0.0,127.0,360.0,True,True,False,True,False,False,True,False,False,5.4
210,210,LP001708,False,0.0,True,False,10000,0.0,214.0,360.0,True,True,True,False,False,False,True,False,False,4.91
211,211,LP001711,True,3.0,True,False,3430,1250.0,128.0,360.0,False,True,False,True,False,False,True,False,True,5.39
212,212,LP001713,True,1.0,True,True,7787,0.0,240.0,360.0,True,True,False,True,False,False,False,True,False,5.33
213,213,LP001715,True,3.0,True,True,5703,0.0,130.0,360.0,True,True,False,True,False,True,False,False,False,5.14
214,214,LP001716,True,0.0,True,False,3173,3021.0,137.0,360.0,True,True,False,True,False,False,False,True,True,5.62
215,215,LP001720,True,3.0,True,False,3850,983.0,100.0,360.0,True,True,False,True,False,False,True,False,True,5.47
216,216,LP001722,True,0.0,True,False,150,1800.0,135.0,360.0,True,True,False,True,False,True,False,False,True,5.12
217,217,LP001726,True,0.0,True,False,3727,1775.0,131.0,360.0,True,True,False,True,False,False,True,False,True,5.39
218,218,LP001732,True,2.0,True,False,5000,0.0,72.0,360.0,False,True,False,True,False,False,True,False,False,5.55
219,219,LP001734,True,2.0,True,False,4283,2383.0,127.0,360.0,False,True,True,False,False,False,True,False,True,5.4
220,220,LP001736,True,0.0,True,False,2221,0.0,60.0,360.0,False,True,False,True,False,False,False,True,False,5.83
221,221,LP001743,True,2.0,True,False,4009,1717.0,116.0,360.0,True,True,False,True,False,False,True,False,True,5.43
222,222,LP001744,False,0.0,True,False,2971,2791.0,144.0,360.0,True,True,False,True,False,False,True,False,True,5.35
223,223,LP001749,True,0.0,True,False,7578,1010.0,175.0,360.0,True,True,False,True,False,False,True,False,True,5.26
224,224,LP001750,True,0.0,True,False,6250,0.0,128.0,360.0,True,True,False,True,False,False,True,False,False,5.39
225,225,LP001751,True,0.0,True,False,3250,0.0,170.0,360.0,True,True,False,True,False,True,False,False,False,5.03
226,226,LP001754,True,0.0,True,True,4735,0.0,138.0,360.0,True,True,False,True,False,False,False,True,False,5.62
227,227,LP001758,True,2.0,True,False,6250,1695.0,210.0,360.0,True,True,False,True,False,False,True,False,True,5.17
228,228,LP001760,False,0.0,True,False,4758,0.0,158.0,480.0,True,True,False,True,False,False,True,False,False,5.42
229,229,LP001761,False,0.0,True,True,6400,0.0,200.0,360.0,True,True,False,True,False,True,False,False,False,4.94
230,230,LP001765,True,1.0,True,False,2491,2054.0,104.0,360.0,True,True,False,True,False,False,True,False,True,5.46
231,231,LP001768,True,0.0,True,False,3716,0.0,42.0,180.0,True,True,False,True,False,True,False,False,False,5.27
232,232,LP001770,False,0.0,True,False,3189,2598.0,120.0,360.0,True,True,False,True,False,True,False,False,True,5.17
233,233,LP001776,False,0.0,True,False,8333,0.0,280.0,360.0,True,True,True,False,False,False,True,False,False,4.72
234,234,LP001778,True,1.0,True,False,3155,1779.0,140.0,360.0,True,True,False,True,False,False,True,False,True,5.36
235,235,LP001784,True,1.0,True,False,5500,1260.0,170.0,360.0,True,True,False,True,False,True,False,False,True,5.03
236,236,LP001786,True,0.0,True,False,5746,0.0,255.0,360.0,False,True,False,True,False,False,False,True,False,5.29
237,237,LP001788,False,0.0,True,True,3463,0.0,122.0,360.0,False,True,True,False,False,False,False,True,False,5.41
238,238,LP001790,False,1.0,True,False,3812,0.0,112.0,360.0,True,True,True,False,False,True,False,False,False,4.94
239,239,LP001792,True,1.0,True,False,3315,0.0,96.0,360.0,True,True,False,True,False,False,True,False,False,5.48
240,240,LP001798,True,2.0,True,False,5819,5000.0,120.0,360.0,True,True,False,True,False,True,False,False,True,5.17
241,241,LP001800,True,1.0,True,False,2510,1983.0,140.0,180.0,True,True,False,True,False,False,False,True,True,5.22
242,242,LP001806,False,0.0,True,False,2965,5701.0,155.0,60.0,True,True,False,True,False,False,False,True,True,3.42
243,243,LP001807,True,2.0,True,True,6250,1300.0,108.0,360.0,True,True,False,True,False,True,False,False,True,5.2
244,244,LP001811,True,0.0,True,False,3406,4417.0,123.0,360.0,True,True,False,True,False,False,True,False,True,5.41
245,245,LP001813,False,0.0,True,True,6050,4333.0,120.0,180.0,True,True,False,True,False,False,False,True,True,5.33
246,246,LP001814,True,2.0,True,False,9703,0.0,112.0,360.0,True,True,False,True,False,False,False,True,False,5.69
247,247,LP001819,True,1.0,True,False,6608,0.0,137.0,180.0,True,True,False,True,False,False,False,True,False,5.24
248,248,LP001824,True,1.0,True,False,2882,1843.0,123.0,480.0,True,True,False,True,False,False,True,False,True,5.49
249,249,LP001825,True,0.0,True,False,1809,1868.0,90.0,360.0,True,True,False,True,False,False,False,True,True,5.75
250,250,LP001835,True,0.0,True,False,1668,3890.0,201.0,360.0,False,True,False,True,False,False,True,False,True,5.19
251,251,LP001836,False,2.0,True,False,3427,0.0,138.0,360.0,True,True,True,False,False,False,False,True,False,5.37
252,252,LP001841,False,0.0,True,True,2583,2167.0,104.0,360.0,True,True,False,True,False,True,False,False,True,5.21
253,253,LP001843,True,1.0,True,False,2661,7101.0,279.0,180.0,True,True,False,True,False,False,True,False,True,4.2
254,254,LP001844,False,0.0,True,True,16250,0.0,192.0,360.0,False,True,False,True,False,False,False,True,False,5.47
255,255,LP001846,False,3.0,True,False,3083,0.0,255.0,360.0,True,True,True,False,False,True,False,False,False,4.54
256,256,LP001849,False,0.0,True,False,6045,0.0,115.0,360.0,False,True,False,True,False,True,False,False,False,5.18
257,257,LP001854,True,3.0,True,False,5250,0.0,94.0,360.0,True,True,False,True,False,False,False,True,False,5.74
258,258,LP001859,True,0.0,True,False,14683,2100.0,304.0,360.0,True,True,False,True,False,True,False,False,True,4.66
259,259,LP001864,True,3.0,True,False,4931,0.0,128.0,360.0,False,True,False,True,False,False,True,False,False,5.39
260,260,LP001865,True,1.0,True,False,6083,4250.0,330.0,360.0,False,True,False,True,False,False,False,True,True,5.08
261,261,LP001868,False,0.0,True,False,2060,2209.0,134.0,360.0,True,True,False,True,False,False,True,False,True,5.38
262,262,LP001870,False,1.0,True,False,3481,0.0,155.0,36.0,True,True,True,False,False,False,True,False,False,1.19
263,263,LP001871,False,0.0,True,False,7200,0.0,120.0,360.0,True,True,True,False,False,True,False,False,False,4.92
264,264,LP001872,False,0.0,True,True,5166,0.0,128.0,360.0,True,True,False,True,False,False,True,False,False,5.39
265,265,LP001875,False,0.0,True,False,4095,3447.0,151.0,360.0,True,True,False,True,False,True,False,False,True,5.08
266,266,LP001877,True,2.0,True,False,4708,1387.0,150.0,360.0,True,True,False,True,False,False,True,False,True,5.33
267,267,LP001882,True,3.0,True,False,4333,1811.0,160.0,360.0,False,True,False,True,False,False,False,True,True,5.56
268,268,LP001883,False,0.0,True,False,3418,0.0,135.0,360.0,True,True,True,False,False,True,False,False,False,4.87
269,269,LP001884,False,1.0,True,False,2876,1560.0,90.0,360.0,True,True,True,False,False,False,False,True,True,5.5
270,270,LP001888,False,0.0,True,False,3237,0.0,30.0,360.0,True,True,True,False,False,False,False,True,False,5.67
271,271,LP001891,True,0.0,True,False,11146,0.0,136.0,360.0,True,True,False,True,False,False,False,True,False,5.62
272,272,LP001892,False,0.0,True,False,2833,1857.0,126.0,360.0,True,True,False,True,False,True,False,False,True,5.15
273,273,LP001894,True,0.0,True,False,2620,2223.0,150.0,360.0,True,True,False,True,False,False,True,False,True,5.33
274,274,LP001896,True,2.0,True,False,3900,0.0,90.0,360.0,True,True,False,True,False,False,True,False,False,5.5
275,275,LP001900,True,1.0,True,False,2750,1842.0,115.0,360.0,True,True,False,True,False,False,True,False,True,5.43
276,276,LP001903,True,0.0,True,False,3993,3274.0,207.0,360.0,True,True,False,True,False,False,True,False,True,5.18
277,277,LP001904,True,0.0,True,False,3103,1300.0,80.0,360.0,True,True,False,True,False,False,False,True,True,5.78
278,278,LP001907,True,0.0,True,False,14583,0.0,436.0,360.0,True,True,False,True,False,False,True,False,False,4.54
279,279,LP001908,True,0.0,True,False,4100,0.0,124.0,360.0,False,True,True,False,False,True,False,False,False,5.16
280,280,LP001910,False,1.0,True,True,4053,2426.0,158.0,360.0,False,True,False,True,False,False,False,True,True,5.56
281,281,LP001914,True,0.0,True,False,3927,800.0,112.0,360.0,True,True,False,True,False,False,True,False,True,5.44
282,282,LP001915,True,2.0,True,False,2301,985.7999878,78.0,180.0,True,True,False,True,False,False,False,True,True,5.57
283,283,LP001917,False,0.0,True,False,1811,1666.0,54.0,360.0,True,True,True,False,False,False,False,True,True,5.6
284,284,LP001922,True,0.0,True,False,20667,0.0,128.0,360.0,True,True,False,True,False,True,False,False,False,5.14
285,285,LP001924,False,0.0,True,False,3158,3053.0,89.0,360.0,True,True,False,True,False,True,False,False,True,5.25
286,286,LP001925,False,0.0,True,True,2600,1717.0,99.0,300.0,True,True,True,False,False,False,True,False,True,5.17
287,287,LP001926,True,0.0,True,False,3704,2000.0,120.0,360.0,True,True,False,True,False,True,False,False,True,5.17
288,288,LP001931,False,0.0,True,False,4124,0.0,115.0,360.0,True,True,True,False,False,False,True,False,False,5.18
289,289,LP001935,False,0.0,True,False,9508,0.0,187.0,360.0,True,True,False,True,False,True,False,False,False,4.98
290,290,LP001936,True,0.0,True,False,3075,2416.0,139.0,360.0,True,True,False,True,False,True,False,False,True,5.11
291,291,LP001938,True,2.0,True,False,4400,0.0,127.0,360.0,False,True,False,True,False,False,True,False,False,5.4
292,292,LP001940,True,2.0,True,False,3153,1560.0,134.0,360.0,True,True,False,True,False,False,False,True,True,5.63
293,293,LP001945,False,0.0,True,False,5417,0.0,143.0,480.0,False,True,True,False,False,False,False,True,False,5.45
294,294,LP001947,True,0.0,True,False,2383,3334.0,172.0,360.0,True,True,False,True,False,False,True,False,True,5.27
295,295,LP001949,True,3.0,True,False,4416,1250.0,110.0,360.0,True,True,False,True,False,False,False,True,True,5.69
296,296,LP001953,True,1.0,True,False,6875,0.0,200.0,360.0,True,True,False,True,False,False,True,False,False,5.19
297,297,LP001954,True,1.0,True,False,4666,0.0,135.0,360.0,True,True,True,False,False,False,False,True,False,5.62
298,298,LP001955,False,0.0,True,False,5000,2541.0,151.0,480.0,True,True,True,False,False,True,False,False,True,4.94
299,299,LP001963,True,1.0,True,False,2014,2925.0,113.0,360.0,True,True,False,True,False,False,False,True,True,5.69
300,300,LP001964,True,0.0,True,False,1800,2934.0,93.0,360.0,False,True,False,True,False,False,False,True,True,5.74
301,301,LP001972,True,0.0,True,False,2875,1750.0,105.0,360.0,True,True,False,True,False,False,True,False,True,5.46
302,302,LP001974,False,0.0,True,False,5000,0.0,132.0,360.0,True,True,True,False,False,True,False,False,False,4.88
303,303,LP001977,True,1.0,True,False,1625,1803.0,96.0,360.0,True,True,False,True,False,False,False,True,True,5.73
304,304,LP001978,False,0.0,True,False,4000,2500.0,140.0,360.0,True,True,False,True,False,True,False,False,True,5.11
305,305,LP001990,False,0.0,True,False,2000,0.0,128.0,360.0,True,True,False,True,False,False,False,True,False,5.64
306,306,LP001993,False,0.0,True,False,3762,1666.0,135.0,360.0,True,True,True,False,False,True,False,False,True,4.87
307,307,LP001994,False,0.0,True,False,2400,1863.0,104.0,360.0,False,True,True,False,False,False,False,True,True,5.46
308,308,LP001996,False,0.0,True,False,20233,0.0,480.0,360.0,True,True,False,True,False,True,False,False,False,4.17
309,309,LP001998,True,2.0,True,False,7667,0.0,185.0,360.0,False,True,False,True,False,True,False,False,False,4.99
310,310,LP002002,False,0.0,True,False,2917,0.0,84.0,360.0,True,True,True,False,False,False,True,False,False,5.27
311,311,LP002004,False,0.0,True,False,2927,2405.0,111.0,360.0,True,True,False,True,False,False,True,False,True,5.44
312,312,LP002006,False,0.0,True,False,2507,0.0,56.0,360.0,True,True,True,False,False,True,False,False,False,5.09
313,313,LP002008,True,2.0,True,True,5746,0.0,144.0,84.0,False,True,False,True,False,True,False,False,False,3.79
314,314,LP002024,True,0.0,True,False,2473,1843.0,159.0,360.0,True,True,False,False,True,True,False,False,True,5.06
315,315,LP002031,True,1.0,True,False,3399,1640.0,111.0,180.0,True,True,False,True,False,False,False,True,True,5.38
316,316,LP002035,True,2.0,True,False,3717,0.0,120.0,360.0,True,True,False,True,False,False,True,False,False,5.42
317,317,LP002036,True,0.0,True,False,2058,2134.0,88.0,360.0,False,True,False,True,False,False,False,True,True,5.76
318,318,LP002043,False,1.0,True,False,3541,0.0,112.0,360.0,False,True,True,False,False,False,True,False,False,5.19
319,319,LP002050,True,1.0,True,True,10000,0.0,155.0,360.0,True,True,False,True,False,True,False,False,False,5.07
320,320,LP002051,True,0.0,True,False,2400,2167.0,115.0,360.0,True,True,False,True,False,False,True,False,True,5.43
321,321,LP002053,True,3.0,True,False,4342,189.0,124.0,360.0,True,True,False,True,False,False,True,False,True,5.41
322,322,LP002054,True,2.0,True,False,3601,1590.0,128.0,360.0,True,True,False,True,False,True,False,False,True,5.14
323,323,LP002055,False,0.0,True,False,3166,2985.0,132.0,360.0,False,True,True,False,False,True,False,False,True,4.88
324,324,LP002065,True,3.0,True,False,15000,0.0,300.0,360.0,True,True,False,True,False,True,False,False,False,4.67
325,325,LP002067,True,1.0,True,True,8666,4983.0,376.0,360.0,False,True,False,True,False,True,False,False,True,4.46
326,326,LP002068,False,0.0,True,False,4917,0.0,130.0,360.0,False,True,False,True,False,True,False,False,False,5.14
327,327,LP002082,True,0.0,True,True,5818,2160.0,184.0,360.0,True,True,False,True,False,False,True,False,True,5.24
328,328,LP002086,True,0.0,True,False,4333,2451.0,110.0,360.0,True,True,True,False,False,False,False,True,True,5.69
329,329,LP002087,False,0.0,True,False,2500,0.0,67.0,360.0,True,True,True,False,False,False,False,True,False,5.56
330,330,LP002097,False,1.0,True,False,4384,1793.0,117.0,360.0,True,True,False,True,False,False,False,True,True,5.68
331,331,LP002098,False,0.0,True,False,2935,0.0,98.0,360.0,True,True,False,True,False,False,True,False,False,5.48
332,332,LP002100,False,0.0,True,False,2833,0.0,71.0,360.0,True,True,False,True,False,False,False,True,False,5.8
333,333,LP002101,True,0.0,True,False,63337,0.0,490.0,180.0,True,True,False,True,False,False,False,True,False,3.28
334,334,LP002103,True,1.0,True,True,9833,1833.0,182.0,180.0,True,True,False,False,True,False,False,True,True,4.99
335,335,LP002106,True,0.0,True,True,5503,4490.0,70.0,360.0,True,True,False,True,False,False,True,False,True,5.56
336,336,LP002110,True,1.0,True,False,5250,688.0,160.0,360.0,True,True,False,True,False,True,False,False,True,5.06
337,337,LP002112,True,2.0,True,True,2500,4600.0,176.0,360.0,True,True,False,True,False,True,False,False,True,5.01
338,338,LP002113,False,3.0,True,False,1830,0.0,128.0,360.0,False,True,True,False,False,False,False,True,False,5.39
339,339,LP002114,False,0.0,True,False,4160,0.0,71.0,360.0,True,True,True,False,False,False,True,False,False,5.3
340,340,LP002115,True,3.0,True,False,2647,1587.0,173.0,360.0,True,True,False,True,False,True,False,False,True,5.02
341,341,LP002116,False,0.0,True,False,2378,0.0,46.0,360.0,True,True,True,False,False,True,False,False,False,5.12
342,342,LP002119,True,1.0,True,False,4554,1229.0,158.0,360.0,True,True,False,True,False,False,False,True,True,5.56
343,343,LP002126,True,3.0,True,False,3173,0.0,74.0,360.0,True,True,False,True,False,False,True,False,False,5.54
344,344,LP002128,True,2.0,True,False,2583,2330.0,125.0,360.0,True,True,False,True,False,True,False,False,True,5.15
345,345,LP002129,True,0.0,True,False,2499,2458.0,160.0,360.0,True,True,False,True,False,False,True,False,True,5.31
346,346,LP002130,True,0.0,True,False,3523,3230.0,152.0,360.0,False,True,False,True,False,True,False,False,True,5.08
347,347,LP002131,True,2.0,True,False,3083,2168.0,126.0,360.0,True,True,False,True,False,False,False,True,True,5.65
348,348,LP002137,True,0.0,True,False,6333,4583.0,259.0,360.0,False,True,False,True,False,False,True,False,True,5.03
349,349,LP002138,True,0.0,True,False,2625,6250.0,187.0,360.0,True,True,False,True,False,True,False,False,True,4.98
350,350,LP002139,True,0.0,True,False,9083,0.0,228.0,360.0,True,True,False,True,False,False,True,False,False,5.12
351,351,LP002140,False,0.0,True,False,8750,4167.0,308.0,360.0,True,True,False,True,False,True,False,False,True,4.64
352,352,LP002141,True,3.0,True,False,2666,2083.0,95.0,360.0,True,True,False,True,False,True,False,False,True,5.24
353,353,LP002142,True,0.0,True,True,5500,0.0,105.0,360.0,False,True,True,False,False,True,False,False,False,5.21
354,354,LP002143,True,0.0,True,False,2423,505.0,130.0,360.0,True,True,True,False,False,False,True,False,True,5.39
355,355,LP002144,False,0.0,True,False,3813,0.0,116.0,180.0,True,True,True,False,False,False,False,True,False,5.11
356,356,LP002149,True,2.0,True,False,8333,3167.0,165.0,360.0,True,True,False,True,False,True,False,False,True,5.04
357,357,LP002151,True,1.0,True,False,3875,0.0,67.0,360.0,True,True,False,True,False,False,False,True,False,5.81
358,358,LP002158,True,0.0,True,False,3000,1666.0,100.0,480.0,False,True,False,True,False,False,False,True,True,5.79
359,359,LP002160,True,3.0,True,False,5167,3167.0,200.0,360.0,True,True,False,True,False,False,True,False,True,5.19
360,360,LP002161,False,1.0,True,False,4723,0.0,81.0,360.0,True,True,True,False,False,False,True,False,False,5.28
361,361,LP002170,True,2.0,True,False,5000,3667.0,236.0,360.0,True,True,False,True,False,False,True,False,True,5.09
362,362,LP002175,True,0.0,True,False,4750,2333.0,130.0,360.0,True,True,False,True,False,False,False,True,True,5.64
363,363,LP002178,True,0.0,True,False,3013,3033.0,95.0,300.0,False,True,False,True,False,False,False,True,True,5.68
364,364,LP002180,False,0.0,True,True,6822,0.0,141.0,360.0,True,True,False,True,False,True,False,False,False,5.11
365,365,LP002181,False,0.0,True,False,6216,0.0,133.0,360.0,True,True,False,True,False,True,False,False,False,5.13
366,366,LP002187,False,0.0,True,False,2500,0.0,96.0,480.0,True,True,False,True,False,False,True,False,False,5.55
367,367,LP002188,False,0.0,True,False,5124,0.0,124.0,360.0,False,True,False,True,False,True,False,False,False,5.16
368,368,LP002190,True,1.0,True,False,6325,0.0,175.0,360.0,True,True,False,True,False,False,True,False,False,5.26
369,369,LP002191,True,0.0,True,False,19730,5266.0,570.0,360.0,True,True,False,True,False,True,False,False,True,3.92
370,370,LP002194,False,0.0,True,True,15759,0.0,55.0,360.0,True,True,True,False,False,False,True,False,False,5.35
371,371,LP002197,True,2.0,True,False,5185,0.0,155.0,360.0,True,True,False,True,False,False,True,False,False,5.32
372,372,LP002201,True,2.0,True,True,9323,7873.0,380.0,300.0,True,True,False,True,False,True,False,False,True,4.23
373,373,LP002205,False,1.0,True,False,3062,1987.0,111.0,180.0,False,True,False,True,False,False,False,True,True,5.38
374,374,LP002209,False,0.0,True,False,2764,1459.0,110.0,360.0,True,True,True,False,False,False,False,True,True,5.44
375,375,LP002211,True,0.0,True,False,4817,923.0,120.0,180.0,True,True,False,True,False,False,False,True,True,5.33
376,376,LP002219,True,3.0,True,False,8750,4996.0,130.0,360.0,True,True,False,True,False,True,False,False,True,5.14
377,377,LP002223,True,0.0,True,False,4310,0.0,130.0,360.0,False,True,False,True,False,False,True,False,False,5.39
378,378,LP002224,False,0.0,True,False,3069,0.0,71.0,480.0,True,True,False,True,False,False,False,True,False,5.85
379,379,LP002225,True,2.0,True,False,5391,0.0,130.0,360.0,True,True,False,True,False,False,False,True,False,5.64
380,380,LP002226,True,0.0,True,False,3333,2500.0,128.0,360.0,True,True,False,True,False,False,True,False,True,5.39
381,381,LP002229,False,0.0,True,False,5941,4232.0,296.0,360.0,True,True,False,True,False,False,True,False,True,4.93
382,382,LP002231,False,0.0,True,False,6000,0.0,156.0,360.0,True,True,True,False,False,False,False,True,False,5.32
383,383,LP002234,False,0.0,True,True,7167,0.0,128.0,360.0,True,True,False,True,False,False,False,True,False,5.64
384,384,LP002236,True,2.0,True,False,4566,0.0,100.0,360.0,True,True,False,True,False,False,False,True,False,5.72
385,385,LP002237,False,1.0,True,False,3667,0.0,113.0,180.0,True,True,False,True,False,False,False,True,False,5.37
386,386,LP002239,False,0.0,True,False,2346,1600.0,132.0,360.0,True,True,False,True,False,False,True,False,True,5.38
387,387,LP002243,True,0.0,True,False,3010,3136.0,128.0,360.0,False,True,False,True,False,False,False,True,True,5.64
388,388,LP002244,True,0.0,True,False,2333,2417.0,136.0,360.0,True,True,False,True,False,False,False,True,True,5.62
389,389,LP002250,True,0.0,True,False,5488,0.0,125.0,360.0,True,True,False,True,False,True,False,False,False,5.15
390,390,LP002255,False,3.0,True,False,9167,0.0,185.0,360.0,True,True,False,True,False,True,False,False,False,4.99
391,391,LP002262,True,3.0,True,False,9504,0.0,275.0,360.0,True,True,False,True,False,True,False,False,False,4.74
392,392,LP002263,True,0.0,True,False,2583,2115.0,120.0,360.0,False,True,False,True,False,False,False,True,True,5.67
393,393,LP002265,True,2.0,True,False,1993,1625.0,113.0,180.0,True,True,False,True,False,False,True,False,True,5.12
394,394,LP002266,True,2.0,True,False,3100,1400.0,113.0,360.0,True,True,False,True,False,False,False,True,True,5.69
395,395,LP002272,True,2.0,True,False,3276,484.0,135.0,360.0,False,True,False,True,False,False,True,False,True,5.37
396,396,LP002277,False,0.0,True,False,3180,0.0,71.0,360.0,False,True,True,False,False,False,False,True,False,5.55
397,397,LP002281,True,0.0,True,False,3033,1459.0,95.0,360.0,True,True,False,True,False,False,False,True,True,5.74
398,398,LP002284,False,0.0,True,False,3902,1666.0,109.0,360.0,True,True,False,True,False,True,False,False,True,5.2
399,399,LP002287,False,0.0,True,False,1500,1800.0,103.0,360.0,False,True,True,False,False,False,True,False,True,5.21
400,400,LP002288,True,2.0,True,False,2889,0.0,45.0,180.0,False,True,False,True,False,False,False,True,False,5.75
401,401,LP002296,False,0.0,True,False,2755,0.0,65.0,300.0,True,True,False,True,False,True,False,False,False,5.28
402,402,LP002297,False,0.0,True,False,2500,20000.0,103.0,360.0,True,True,False,True,False,False,True,False,True,5.46
403,403,LP002300,False,0.0,True,False,1963,0.0,53.0,360.0,True,True,True,False,False,False,True,False,False,5.35
404,404,LP002301,False,0.0,True,True,7441,0.0,194.0,360.0,True,True,True,False,False,True,False,False,False,4.71
405,405,LP002305,False,0.0,True,False,4547,0.0,115.0,360.0,True,True,True,False,False,False,True,False,False,5.18
406,406,LP002308,True,0.0,True,False,2167,2400.0,115.0,360.0,True,True,False,True,False,False,False,True,True,5.68
407,407,LP002314,False,0.0,True,False,2213,0.0,66.0,360.0,True,True,True,False,False,True,False,False,False,5.07
408,408,LP002315,True,1.0,True,False,8300,0.0,152.0,300.0,False,True,False,True,False,False,True,False,False,5.24
409,409,LP002317,True,3.0,True,False,81000,0.0,360.0,360.0,False,True,False,True,False,True,False,False,False,4.5
410,410,LP002318,False,1.0,True,True,3867,0.0,62.0,360.0,True,True,True,False,False,False,True,False,False,5.33
411,411,LP002319,True,0.0,True,False,6256,0.0,160.0,360.0,False,True,False,True,False,False,False,True,False,5.56
412,412,LP002328,True,0.0,True,False,6096,0.0,218.0,360.0,False,True,False,True,False,True,False,False,False,4.89
413,413,LP002332,True,0.0,True,False,2253,2033.0,110.0,360.0,True,True,False,True,False,True,False,False,True,5.19
414,414,LP002335,True,0.0,True,False,2149,3237.0,178.0,360.0,False,True,True,False,False,False,True,False,True,5.26
415,415,LP002337,False,0.0,True,False,2995,0.0,60.0,360.0,True,True,True,False,False,False,False,True,False,5.58
416,416,LP002341,False,1.0,True,False,2600,0.0,160.0,360.0,True,True,True,False,False,False,False,True,False,5.31
417,417,LP002342,True,2.0,True,True,1600,20000.0,239.0,360.0,True,True,False,True,False,False,False,True,True,5.34
418,418,LP002345,True,0.0,True,False,1025,2773.0,112.0,360.0,True,True,False,True,False,True,False,False,True,5.19
419,419,LP002347,True,0.0,True,False,3246,1417.0,138.0,360.0,True,True,False,True,False,False,True,False,True,5.37
420,420,LP002348,True,0.0,True,False,5829,0.0,138.0,360.0,True,True,False,True,False,True,False,False,False,5.12
421,421,LP002357,False,0.0,True,False,2720,0.0,80.0,360.0,False,True,True,False,False,False,False,True,False,5.53
422,422,LP002361,True,0.0,True,False,1820,1719.0,100.0,360.0,True,True,False,True,False,False,False,True,True,5.72
423,423,LP002362,True,1.0,True,False,7250,1667.0,110.0,360.0,False,True,False,True,False,False,False,True,True,5.69
424,424,LP002364,True,0.0,True,False,14880,0.0,96.0,360.0,True,True,False,True,False,False,True,False,False,5.48
425,425,LP002366,True,0.0,True,False,2666,4300.0,121.0,360.0,True,True,False,True,False,True,False,False,True,5.16
426,426,LP002367,False,1.0,True,False,4606,0.0,81.0,360.0,True,True,True,False,False,True,False,False,False,5.03
427,427,LP002368,True,2.0,True,False,5935,0.0,133.0,360.0,True,True,False,True,False,False,True,False,False,5.38
428,428,LP002369,True,0.0,True,False,2920,16.12000084,87.0,360.0,True,True,False,True,False,True,False,False,True,5.26
429,429,LP002370,False,0.0,True,False,2717,0.0,60.0,180.0,True,True,False,True,False,False,False,True,False,5.67
430,430,LP002377,False,1.0,True,True,8624,0.0,150.0,360.0,True,True,True,False,False,False,True,False,False,5.08
431,431,LP002379,False,0.0,True,False,6500,0.0,105.0,360.0,False,True,False,True,False,True,False,False,False,5.21
432,432,LP002386,False,0.0,True,False,12876,0.0,405.0,360.0,True,True,False,True,False,False,True,False,False,4.63
433,433,LP002387,True,0.0,True,False,2425,2340.0,143.0,360.0,True,True,False,True,False,False,True,False,True,5.35
434,434,LP002390,False,0.0,True,False,3750,0.0,100.0,360.0,True,True,False,True,False,False,False,True,False,5.72
435,435,LP002393,False,0.0,True,False,10047,0.0,128.0,240.0,True,True,True,False,False,False,True,False,False,4.97
436,436,LP002398,False,0.0,True,False,1926,1851.0,50.0,360.0,True,True,False,True,False,False,True,False,True,5.61
437,437,LP002401,True,0.0,True,False,2213,1125.0,128.0,360.0,True,True,False,True,False,False,False,True,True,5.64
438,438,LP002403,False,0.0,True,True,10416,0.0,187.0,360.0,False,True,False,True,False,False,False,True,False,5.48
439,439,LP002407,True,0.0,True,True,7142,0.0,138.0,360.0,True,True,True,False,False,True,False,False,False,5.12
440,440,LP002408,False,0.0,True,False,3660,5064.0,187.0,360.0,True,True,False,True,False,False,True,False,True,5.23
441,441,LP002409,True,0.0,True,False,7901,1833.0,180.0,360.0,True,True,False,True,False,True,False,False,True,5.0
442,442,LP002418,False,3.0,True,False,4707,1993.0,148.0,360.0,True,True,False,True,False,False,True,False,True,5.34
443,443,LP002422,False,1.0,True,False,37719,0.0,152.0,360.0,True,True,False,True,False,False,True,False,False,5.33
444,444,LP002424,True,0.0,True,False,7333,8333.0,175.0,300.0,False,True,False,True,False,True,False,False,True,4.92
445,445,LP002429,True,1.0,True,True,3466,1210.0,130.0,360.0,True,True,False,True,False,True,False,False,True,5.14
446,446,LP002434,True,2.0,True,False,4652,0.0,110.0,360.0,True,True,False,True,False,True,False,False,False,5.19
447,447,LP002435,True,0.0,True,False,3539,1376.0,55.0,360.0,True,True,False,True,False,True,False,False,True,5.35
448,448,LP002443,True,2.0,True,False,3340,1710.0,150.0,360.0,False,True,False,True,False,True,False,False,True,5.08
449,449,LP002444,False,1.0,True,True,2769,1542.0,190.0,360.0,False,True,False,True,False,False,True,False,True,5.22
450,450,LP002446,True,2.0,True,False,2309,1255.0,125.0,360.0,False,True,False,True,False,True,False,False,True,5.15
451,451,LP002447,True,2.0,True,False,1958,1456.0,60.0,300.0,False,True,False,True,False,False,False,True,True,5.8
452,452,LP002448,True,0.0,True,False,3948,1733.0,149.0,360.0,False,True,False,True,False,True,False,False,True,5.09
453,453,LP002449,True,0.0,True,False,2483,2466.0,90.0,180.0,False,True,False,True,False,True,False,False,True,5.0
454,454,LP002453,False,0.0,True,True,7085,0.0,84.0,360.0,True,True,False,True,False,False,True,False,False,5.52
455,455,LP002455,True,2.0,True,False,3859,0.0,96.0,360.0,True,True,False,True,False,False,True,False,False,5.48
456,456,LP002459,True,0.0,True,False,4301,0.0,118.0,360.0,True,True,False,True,False,False,False,True,False,5.67
457,457,LP002467,True,0.0,True,False,3708,2569.0,173.0,360.0,True,True,False,True,False,False,False,True,True,5.52
458,458,LP002472,False,2.0,True,False,4354,0.0,136.0,360.0,True,True,False,True,False,True,False,False,False,5.12
459,459,LP002473,True,0.0,True,False,8334,0.0,160.0,360.0,True,True,False,True,False,False,True,False,False,5.31
460,460,LP002478,True,0.0,True,True,2083,4083.0,160.0,360.0,False,True,False,False,True,False,True,False,True,5.31
461,461,LP002484,True,3.0,True,False,7740,0.0,128.0,180.0,True,True,False,True,False,False,False,True,False,5.29
462,462,LP002487,True,0.0,True,False,3015,2188.0,153.0,360.0,True,True,False,True,False,True,False,False,True,5.08
463,463,LP002489,False,1.0,True,False,5191,0.0,132.0,360.0,True,True,True,False,False,False,True,False,False,5.13
464,464,LP002493,False,0.0,True,False,4166,0.0,98.0,360.0,False,True,False,True,False,False,True,False,False,5.48
465,465,LP002494,False,0.0,True,False,6000,0.0,140.0,360.0,True,True,False,True,False,True,False,False,False,5.11
466,466,LP002500,True,3.0,True,False,2947,1664.0,70.0,180.0,False,True,False,True,False,False,False,True,True,5.61
467,467,LP002501,True,0.0,True,False,16692,0.0,110.0,360.0,True,True,False,False,True,False,True,False,False,5.44
468,468,LP002502,True,2.0,True,False,210,2917.0,98.0,360.0,True,True,True,False,False,False,True,False,True,5.48
469,469,LP002505,True,0.0,True,False,4333,2451.0,110.0,360.0,True,True,False,True,False,False,False,True,True,5.69
470,470,LP002515,True,1.0,True,True,3450,2079.0,162.0,360.0,True,True,False,True,False,False,True,False,True,5.3
471,471,LP002517,True,1.0,True,False,2653,1500.0,113.0,180.0,False,True,False,True,False,True,False,False,True,4.87
472,472,LP002519,True,3.0,True,False,4691,0.0,100.0,360.0,True,True,False,True,False,False,True,False,False,5.47
473,473,LP002522,False,0.0,True,True,2500,0.0,93.0,360.0,False,True,True,False,False,False,False,True,False,5.49
474,474,LP002524,False,2.0,True,False,5532,4648.0,162.0,360.0,True,True,False,True,False,True,False,False,True,5.05
475,475,LP002527,True,2.0,True,True,16525,1014.0,150.0,360.0,True,True,False,True,False,True,False,False,True,5.08
476,476,LP002529,True,2.0,True,False,6700,1750.0,230.0,300.0,True,True,False,True,False,False,True,False,True,4.98
477,477,LP002530,True,2.0,True,False,2873,1872.0,132.0,360.0,False,True,False,False,True,False,True,False,True,5.38
478,478,LP002531,True,1.0,True,True,16667,2250.0,86.0,360.0,True,True,False,True,False,False,True,False,True,5.51
479,479,LP002533,True,2.0,True,False,2947,1603.0,128.0,360.0,True,True,False,True,False,False,False,True,True,5.64
480,480,LP002534,False,0.0,True,False,4350,0.0,154.0,360.0,True,True,True,False,False,True,False,False,False,4.82
481,481,LP002536,True,3.0,True,False,3095,0.0,113.0,360.0,True,True,False,True,False,True,False,False,False,5.19
482,482,LP002537,True,0.0,True,False,2083,3150.0,128.0,360.0,True,True,False,True,False,False,True,False,True,5.39
483,483,LP002541,True,0.0,True,False,10833,0.0,234.0,360.0,True,True,False,True,False,False,True,False,False,5.1
484,484,LP002543,True,2.0,True,False,8333,0.0,246.0,360.0,True,True,False,True,False,False,True,False,False,5.07
485,485,LP002544,True,1.0,True,False,1958,2436.0,131.0,360.0,True,True,False,True,False,True,False,False,True,5.14
486,486,LP002545,False,2.0,True,False,3547,0.0,80.0,360.0,False,True,False,True,False,True,False,False,False,5.28
487,487,LP002547,True,1.0,True,False,18333,0.0,500.0,360.0,True,True,False,True,False,False,False,True,False,4.61
488,488,LP002555,True,2.0,True,True,4583,2083.0,160.0,360.0,True,True,False,True,False,False,True,False,True,5.31
489,489,LP002556,False,0.0,True,False,2435,0.0,75.0,360.0,True,True,False,True,False,False,False,True,False,5.79
490,490,LP002560,False,0.0,True,False,2699,2785.0,96.0,360.0,False,True,False,True,False,False,True,False,True,5.48
491,491,LP002562,True,1.0,True,False,5333,1131.0,186.0,360.0,False,True,False,True,False,False,False,True,True,5.48
492,492,LP002571,False,0.0,True,False,3691,0.0,110.0,360.0,True,True,False,True,False,True,False,False,False,5.19
493,493,LP002582,False,0.0,True,True,17263,0.0,225.0,360.0,True,True,True,False,False,False,True,False,False,4.88
494,494,LP002585,True,0.0,True,False,3597,2157.0,119.0,360.0,False,True,False,True,False,True,False,False,True,5.17
495,495,LP002586,True,1.0,True,False,3326,913.0,105.0,84.0,True,True,True,False,False,False,True,False,True,4.5
496,496,LP002587,True,0.0,True,False,2600,1700.0,107.0,360.0,True,True,False,True,False,True,False,False,True,5.2
497,497,LP002588,True,0.0,True,False,4625,2857.0,111.0,12.0,False,True,False,True,False,False,False,True,True,-3.25
498,498,LP002600,True,1.0,True,True,2895,0.0,95.0,360.0,True,True,False,True,False,False,True,False,False,5.49
499,499,LP002602,False,0.0,True,False,6283,4416.0,209.0,360.0,False,True,False,True,False,True,False,False,True,4.92
500,500,LP002603,False,0.0,True,False,645,3683.0,113.0,480.0,True,True,True,False,False,True,False,False,True,5.01
501,501,LP002606,False,0.0,True,False,3159,0.0,100.0,360.0,True,True,True,False,False,False,True,False,False,5.22
502,502,LP002615,True,2.0,True,False,4865,5624.0,208.0,360.0,True,True,False,True,False,False,True,False,True,5.17
503,503,LP002618,True,1.0,True,False,4050,5302.0,138.0,360.0,False,True,False,True,False,True,False,False,True,5.12
504,504,LP002619,True,0.0,True,False,3814,1483.0,124.0,300.0,True,True,False,True,False,False,True,False,True,5.34
505,505,LP002622,True,2.0,True,False,3510,4416.0,243.0,360.0,True,True,False,True,False,True,False,False,True,4.82
506,506,LP002624,True,0.0,True,False,20833,6667.0,480.0,360.0,False,True,False,True,False,False,False,True,True,4.67
507,507,LP002625,False,0.0,True,False,3583,0.0,96.0,360.0,True,True,False,False,True,False,False,True,False,5.73
508,508,LP002626,True,0.0,True,True,2479,3013.0,188.0,360.0,True,True,False,True,False,False,False,True,True,5.48
509,509,LP002634,False,1.0,True,False,13262,0.0,40.0,360.0,True,True,True,False,False,False,False,True,False,5.64
510,510,LP002637,False,0.0,True,False,3598,1287.0,100.0,360.0,True,True,False,True,False,True,False,False,True,5.22
511,511,LP002640,True,1.0,True,False,6065,2004.0,250.0,360.0,True,True,False,True,False,False,True,False,True,5.06
512,512,LP002643,True,2.0,True,False,3283,2035.0,148.0,360.0,True,True,False,True,False,False,False,True,True,5.59
513,513,LP002648,True,0.0,True,False,2130,6666.0,70.0,180.0,True,True,False,True,False,False,True,False,True,5.36
514,514,LP002652,False,0.0,True,False,5815,3666.0,311.0,360.0,True,True,False,True,False,True,False,False,True,4.64
515,515,LP002659,True,3.0,True,False,3466,3428.0,150.0,360.0,True,True,False,True,False,True,False,False,True,5.08
516,516,LP002670,True,2.0,True,False,2031,1632.0,113.0,480.0,True,True,True,False,False,False,True,False,True,5.51
517,517,LP002682,True,0.0,True,False,3074,1800.0,123.0,360.0,False,True,False,True,False,False,True,False,True,5.41
518,518,LP002683,False,0.0,True,False,4683,1915.0,185.0,360.0,True,True,False,True,False,False,True,False,True,5.24
519,519,LP002684,False,0.0,True,False,3400,0.0,95.0,360.0,True,True,True,False,False,True,False,False,False,4.99
520,520,LP002689,True,2.0,True,False,2192,1742.0,45.0,360.0,True,True,False,True,False,False,True,False,True,5.63
521,521,LP002690,False,0.0,True,False,2500,0.0,55.0,360.0,True,True,False,True,False,False,True,False,False,5.6
522,522,LP002692,True,3.0,True,True,5677,1424.0,100.0,360.0,True,True,False,True,False,True,False,False,True,5.22
523,523,LP002693,True,2.0,True,True,7948,7166.0,480.0,360.0,True,True,False,True,False,True,False,False,True,4.17
524,524,LP002697,False,0.0,True,False,4680,2087.0,128.0,360.0,True,True,False,True,False,False,True,False,True,5.39
525,525,LP002699,True,2.0,True,True,17500,0.0,400.0,360.0,True,True,False,True,False,True,False,False,False,4.39
526,526,LP002705,True,0.0,True,False,3775,0.0,110.0,360.0,True,True,False,True,False,False,True,False,False,5.44
527,527,LP002706,True,1.0,True,False,5285,1430.0,161.0,360.0,False,True,False,True,False,False,True,False,True,5.3
528,528,LP002714,False,1.0,True,False,2679,1302.0,94.0,360.0,True,True,False,True,False,False,True,False,True,5.49
529,529,LP002716,False,0.0,True,False,6783,0.0,130.0,360.0,True,True,False,True,False,False,True,False,False,5.39
530,530,LP002717,True,0.0,True,False,1025,5500.0,216.0,360.0,False,True,False,True,False,True,False,False,True,4.9
531,531,LP002720,True,3.0,True,False,4281,0.0,100.0,360.0,True,True,False,True,False,False,False,True,False,5.72
532,532,LP002723,False,2.0,True,False,3588,0.0,110.0,360.0,False,True,False,True,False,True,False,False,False,5.19
533,533,LP002729,False,1.0,True,False,11250,0.0,196.0,360.0,False,True,False,True,False,False,True,False,False,5.21
534,534,LP002731,False,0.0,True,True,18165,0.0,125.0,360.0,True,True,True,False,False,False,False,True,False,5.4
535,535,LP002732,False,0.0,True,False,2550,2042.0,126.0,360.0,True,True,False,True,False,True,False,False,True,5.15
536,536,LP002734,True,0.0,True,False,6133,3906.0,324.0,360.0,True,True,False,True,False,False,False,True,True,5.1
537,537,LP002738,False,2.0,True,False,3617,0.0,107.0,360.0,True,True,False,True,False,False,True,False,False,5.45
538,538,LP002739,True,0.0,True,False,2917,536.0,66.0,360.0,True,True,False,True,False,True,False,False,True,5.32
539,539,LP002740,True,3.0,True,False,6417,0.0,157.0,180.0,True,True,False,True,False,True,False,False,False,4.63
540,540,LP002741,True,1.0,True,False,4608,2845.0,140.0,180.0,True,True,True,False,False,False,True,False,True,4.97
541,541,LP002743,False,0.0,True,False,2138,0.0,99.0,360.0,False,True,True,False,False,False,True,False,False,5.22
542,542,LP002753,False,1.0,True,False,3652,0.0,95.0,360.0,True,True,True,False,False,False,True,False,False,5.24
543,543,LP002755,True,1.0,True,False,2239,2524.0,128.0,360.0,True,True,False,True,False,False,False,True,True,5.64
544,544,LP002757,True,0.0,True,False,3017,663.0,102.0,360.0,False,True,True,False,False,False,True,False,True,5.47
545,545,LP002767,True,0.0,True,False,2768,1950.0,155.0,360.0,True,True,False,True,False,True,False,False,True,5.07
546,546,LP002768,False,0.0,True,False,3358,0.0,80.0,36.0,True,True,False,True,False,False,True,False,False,3.53
547,547,LP002772,False,0.0,True,False,2526,1783.0,145.0,360.0,True,True,False,True,False,True,False,False,True,5.1
548,548,LP002776,False,0.0,True,False,5000,0.0,103.0,360.0,False,True,True,False,False,False,True,False,False,5.21
549,549,LP002777,True,0.0,True,False,2785,2016.0,110.0,360.0,True,True,False,True,False,True,False,False,True,5.19
550,550,LP002778,True,2.0,True,True,6633,0.0,128.0,360.0,False,True,False,True,False,True,False,False,False,5.14
551,551,LP002784,True,1.0,True,False,2492,2375.0,128.0,360.0,True,True,False,True,False,True,False,False,True,5.14
552,552,LP002785,True,1.0,True,False,3333,3250.0,158.0,360.0,True,True,False,True,False,False,False,True,True,5.56
553,553,LP002788,True,0.0,True,False,2454,2333.0,181.0,360.0,False,True,False,True,False,False,False,True,True,5.5
554,554,LP002789,True,0.0,True,False,3593,4266.0,132.0,180.0,False,True,False,True,False,True,False,False,True,4.77
555,555,LP002792,True,1.0,True,False,5468,1032.0,26.0,360.0,True,True,False,True,False,False,True,False,True,5.68
556,556,LP002794,False,0.0,True,False,2667,1625.0,84.0,360.0,False,True,True,False,False,False,False,True,True,5.52
557,557,LP002795,True,3.0,True,True,10139,0.0,260.0,360.0,True,True,False,True,False,False,True,False,False,5.03
558,558,LP002798,True,0.0,True,False,3887,2669.0,162.0,360.0,True,True,False,True,False,False,True,False,True,5.3
559,559,LP002804,True,0.0,True,False,4180,2306.0,182.0,360.0,True,True,True,False,False,False,True,False,True,5.24
560,560,LP002807,True,2.0,True,False,3675,242.0,108.0,360.0,True,True,False,True,False,False,True,False,True,5.45
561,561,LP002813,True,1.0,True,True,19484,0.0,600.0,360.0,True,True,True,False,False,False,True,False,False,4.08
562,562,LP002820,True,0.0,True,False,5923,2054.0,211.0,360.0,True,True,False,True,False,True,False,False,True,4.91
563,563,LP002821,False,0.0,True,True,5800,0.0,132.0,360.0,True,True,False,True,False,False,True,False,False,5.38
564,564,LP002832,True,2.0,True,False,8799,0.0,258.0,360.0,False,True,False,True,False,False,False,True,False,5.28
565,565,LP002833,True,0.0,True,False,4467,0.0,120.0,360.0,False,True,False,True,False,True,False,False,False,5.17
566,566,LP002836,False,0.0,True,False,3333,0.0,70.0,360.0,True,True,False,True,False,False,False,True,False,5.81
567,567,LP002837,True,3.0,True,False,3400,2500.0,123.0,360.0,False,True,False,True,False,True,False,False,True,5.16
568,568,LP002840,False,0.0,True,False,2378,0.0,9.0,360.0,True,True,True,False,False,False,False,True,False,5.73
569,569,LP002841,True,0.0,True,False,3166,2064.0,104.0,360.0,False,True,False,True,False,False,False,True,True,5.71
570,570,LP002842,True,1.0,True,False,3417,1750.0,186.0,360.0,True,True,False,True,False,False,False,True,True,5.48
571,571,LP002847,True,0.0,True,False,5116,1451.0,165.0,360.0,False,True,False,True,False,False,False,True,True,5.54
572,572,LP002855,True,2.0,True,False,16666,0.0,275.0,360.0,True,True,False,True,False,False,False,True,False,5.24
573,573,LP002862,True,2.0,True,False,6125,1625.0,187.0,480.0,True,True,False,True,False,False,True,False,True,5.36
574,574,LP002863,True,3.0,True,False,6406,0.0,150.0,360.0,True,True,False,True,False,False,True,False,False,5.33
575,575,LP002868,True,2.0,True,False,3159,461.0,108.0,84.0,True,True,False,True,False,False,False,True,True,4.71
576,576,LP002872,True,0.0,True,False,3087,2210.0,136.0,360.0,False,True,False,False,True,False,True,False,True,5.37
577,577,LP002874,False,0.0,True,False,3229,2739.0,110.0,360.0,True,True,False,True,False,False,False,True,True,5.69
578,578,LP002877,True,1.0,True,False,1782,2232.0,107.0,360.0,True,True,False,True,False,True,False,False,True,5.2
579,579,LP002888,False,0.0,True,False,3182,2917.0,161.0,360.0,True,True,False,True,False,False,False,True,True,5.55
580,580,LP002892,True,2.0,True,False,6540,0.0,205.0,360.0,True,True,False,True,False,False,True,False,False,5.18
581,581,LP002893,False,0.0,True,False,1836,33837.0,90.0,360.0,True,True,False,True,False,False,False,True,True,5.75
582,582,LP002894,True,0.0,True,False,3166,0.0,36.0,360.0,True,True,True,False,False,False,True,False,False,5.65
583,583,LP002898,True,1.0,True,False,1880,0.0,61.0,360.0,False,True,False,True,False,True,False,False,False,5.33
584,584,LP002911,True,1.0,True,False,2787,1917.0,146.0,360.0,False,True,False,True,False,True,False,False,True,5.09
585,585,LP002912,True,1.0,True,False,4283,3000.0,172.0,84.0,True,True,False,True,False,True,False,False,True,3.45
586,586,LP002916,True,0.0,True,False,2297,1522.0,104.0,360.0,True,True,False,True,False,False,False,True,True,5.71
587,587,LP002917,False,0.0,True,False,2165,0.0,70.0,360.0,True,True,True,False,False,False,True,False,False,5.31
588,588,LP002925,False,0.0,True,False,4750,0.0,94.0,360.0,True,True,False,False,True,False,True,False,False,5.49
589,589,LP002926,True,2.0,True,True,2726,0.0,106.0,360.0,False,True,False,True,False,False,True,False,False,5.46
590,590,LP002928,True,0.0,True,False,3000,3416.0,56.0,180.0,True,True,False,True,False,False,True,False,True,5.44
591,591,LP002931,True,2.0,True,True,6000,0.0,205.0,240.0,True,True,False,True,False,False,True,False,False,4.9
592,592,LP002933,False,3.0,True,True,9357,0.0,292.0,360.0,True,True,False,False,True,False,True,False,False,4.94
593,593,LP002936,True,0.0,True,False,3859,3300.0,142.0,180.0,True,True,False,True,False,True,False,False,True,4.71
594,594,LP002938,True,0.0,True,True,16120,0.0,260.0,360.0,True,True,False,True,False,False,False,True,False,5.28
595,595,LP002940,False,0.0,True,False,3833,0.0,110.0,360.0,True,True,False,True,False,True,False,False,False,5.19
596,596,LP002941,True,2.0,True,True,6383,1000.0,187.0,360.0,True,True,False,True,False,True,False,False,True,4.98
597,597,LP002943,False,0.0,True,False,2987,0.0,88.0,360.0,False,True,False,True,False,False,True,False,False,5.51
598,598,LP002945,True,0.0,True,True,9963,0.0,180.0,360.0,True,True,False,True,False,True,False,False,False,5.0
599,599,LP002948,True,2.0,True,False,5780,0.0,192.0,360.0,True,True,False,True,False,False,False,True,False,5.47
600,600,LP002949,False,3.0,True,False,416,41667.0,350.0,180.0,False,True,True,False,False,False,False,True,True,3.81
601,601,LP002950,True,0.0,True,False,2894,2792.0,155.0,360.0,True,True,False,True,False,True,False,False,True,5.07
602,602,LP002953,True,3.0,True,False,5703,0.0,128.0,360.0,True,True,False,True,False,False,False,True,False,5.64
603,603,LP002958,False,0.0,True,False,3676,4301.0,172.0,360.0,True,True,False,True,False,True,False,False,True,5.02
604,604,LP002959,True,1.0,True,False,12000,0.0,496.0,360.0,True,True,True,False,False,False,True,False,False,4.37
605,605,LP002960,True,0.0,True,False,2400,3800.0,128.0,180.0,True,True,False,True,False,False,False,True,True,5.29
606,606,LP002961,True,1.0,True,False,3400,2500.0,173.0,360.0,True,True,False,True,False,False,True,False,True,5.27
607,607,LP002964,True,2.0,True,False,3987,1411.0,157.0,360.0,True,True,False,True,False,True,False,False,True,5.06
608,608,LP002974,True,0.0,True,False,3232,1950.0,108.0,360.0,True,True,False,True,False,True,False,False,True,5.2
609,609,LP002978,False,0.0,True,False,2900,0.0,71.0,360.0,True,True,True,False,False,True,False,False,False,5.05
610,610,LP002979,True,3.0,True,False,4106,0.0,40.0,180.0,True,True,False,True,False,True,False,False,False,5.28
611,611,LP002983,True,1.0,True,False,8072,240.0,253.0,360.0,True,True,False,True,False,False,False,True,True,5.3
612,612,LP002984,True,2.0,True,False,7583,0.0,187.0,360.0,True,True,False,True,False,False,False,True,False,5.48
613,613,LP002990,False,0.0,True,True,4583,0.0,133.0,360.0,False,True,True,False,False,False,True,False,False,5.13
